model,ndcg5,p5,map
Baseline,0.9799301972870469,0.75,0.9583333333333333
Latent SVM,0.9799301972870469,0.75,0.9583333333333333
